toby@gmail.com,Pathologist,cs1531,Toby Fox,1000000000
gary@gmail.com,GP,cs1531,Gary Modd,1000000001
samuel@gmail.com,GP,cs1531,Samuel Samurai,1000000002
sid@gmail.com,Pathologist,cs1531,Sid Down,1000000003
michael@gmail.com,Physiotherapist,cs1531,Michael Angelo,1000000004
anna@gmail.com,GP,cs1531,Anna Elsa,1000000005
thomas@gmail.com,Pharmacist,cs1531,Thomas Wayne,1000000006
ian@gmail.com,Physiotherapist,cs1531,Ian Somerhalder,1000000007
